{
  "dataset_info": {
    "total_challenges": 1000,
    "k_folds": 10,
    "created_by": "ARC-IDEA Dataset Processor",
    "source_files": {
      "challenges": "arc-agi_training_challenges.json",
      "solutions": "arc-agi_training_solutions.json"
    }
  },
  "complexity_distribution": {
    "mean": 0.7106944226190476,
    "std": 0.15550018656505166,
    "min": 0.17444444444444443,
    "max": 0.9333333333333332,
    "median": 0.7147222222222223
  },
  "shape_analysis": {
    "input_shapes": {
      "2x2": 13,
      "3x3": 310,
      "14x14": 45,
      "10x10": 512,
      "20x20": 98,
      "6x6": 80,
      "15x15": 141,
      "9x9": 159,
      "13x13": 105,
      "7x7": 105,
      "6x3": 12,
      "8x9": 9,
      "14x9": 2,
      "21x21": 26,
      "3x7": 11,
      "30x30": 94,
      "9x10": 13,
      "11x10": 8,
      "21x22": 7,
      "23x22": 3,
      "22x22": 27,
      "24x22": 2,
      "23x23": 37,
      "26x26": 11,
      "20x10": 9,
      "30x20": 2,
      "11x11": 106,
      "12x12": 117,
      "18x18": 27,
      "14x11": 4,
      "15x14": 13,
      "9x11": 15,
      "15x17": 14,
      "22x9": 1,
      "7x23": 3,
      "24x8": 1,
      "10x25": 1,
      "11x27": 2,
      "18x19": 16,
      "19x17": 5,
      "15x13": 8,
      "12x13": 18,
      "16x12": 6,
      "14x13": 10,
      "3x4": 17,
      "13x4": 5,
      "10x20": 6,
      "13x14": 15,
      "23x25": 3,
      "14x15": 14,
      "14x18": 6,
      "16x14": 6,
      "24x19": 3,
      "22x12": 3,
      "24x13": 2,
      "16x26": 1,
      "5x3": 4,
      "4x4": 63,
      "2x4": 3,
      "6x5": 10,
      "8x8": 95,
      "27x27": 14,
      "12x11": 20,
      "10x12": 17,
      "12x14": 19,
      "13x6": 7,
      "8x7": 7,
      "9x7": 6,
      "7x6": 7,
      "5x5": 100,
      "10x7": 4,
      "11x9": 16,
      "11x14": 3,
      "5x8": 4,
      "9x8": 8,
      "7x8": 11,
      "16x17": 9,
      "16x15": 11,
      "17x17": 38,
      "19x18": 8,
      "11x13": 11,
      "15x12": 7,
      "18x16": 6,
      "19x19": 60,
      "8x10": 6,
      "8x11": 7,
      "22x29": 1,
      "25x25": 24,
      "12x15": 5,
      "14x16": 12,
      "15x16": 10,
      "16x16": 160,
      "10x8": 14,
      "10x11": 11,
      "16x21": 2,
      "21x16": 3,
      "3x9": 8,
      "18x17": 9,
      "16x22": 3,
      "24x16": 1,
      "28x26": 1,
      "13x11": 2,
      "17x11": 2,
      "20x22": 5,
      "21x23": 4,
      "25x26": 2,
      "5x13": 6,
      "17x19": 13,
      "17x16": 8,
      "13x15": 12,
      "19x26": 1,
      "11x12": 9,
      "8x12": 7,
      "19x13": 6,
      "22x21": 8,
      "27x25": 4,
      "5x7": 21,
      "27x15": 1,
      "16x25": 2,
      "9x13": 8,
      "13x16": 12,
      "23x21": 2,
      "17x18": 14,
      "5x10": 10,
      "14x20": 1,
      "19x22": 4,
      "19x25": 1,
      "24x25": 2,
      "13x19": 4,
      "17x10": 4,
      "17x13": 5,
      "20x11": 3,
      "16x19": 7,
      "22x15": 2,
      "7x30": 2,
      "20x4": 1,
      "19x5": 1,
      "14x5": 1,
      "15x3": 2,
      "22x4": 1,
      "3x11": 17,
      "6x7": 14,
      "8x6": 7,
      "10x15": 13,
      "18x15": 3,
      "9x6": 3,
      "5x6": 7,
      "7x13": 4,
      "26x23": 1,
      "22x24": 3,
      "5x17": 19,
      "16x11": 7,
      "17x15": 3,
      "15x10": 7,
      "4x19": 7,
      "7x9": 12,
      "11x15": 2,
      "5x11": 4,
      "12x9": 4,
      "15x20": 2,
      "25x20": 2,
      "24x24": 16,
      "22x20": 5,
      "22x23": 5,
      "14x12": 7,
      "9x12": 5,
      "19x21": 5,
      "12x10": 10,
      "24x11": 1,
      "21x11": 1,
      "11x25": 1,
      "3x10": 8,
      "4x12": 2,
      "2x6": 4,
      "5x15": 6,
      "28x28": 10,
      "20x23": 1,
      "10x13": 8,
      "7x10": 2,
      "4x10": 1,
      "3x14": 5,
      "22x19": 3,
      "22x26": 4,
      "9x5": 6,
      "9x17": 1,
      "13x5": 8,
      "16x18": 15,
      "26x28": 2,
      "26x25": 2,
      "26x18": 1,
      "5x9": 15,
      "24x26": 2,
      "18x22": 9,
      "19x16": 1,
      "15x19": 5,
      "9x15": 7,
      "29x29": 20,
      "6x10": 6,
      "6x12": 3,
      "29x24": 1,
      "24x28": 3,
      "7x5": 4,
      "8x5": 3,
      "8x20": 2,
      "8x30": 1,
      "11x20": 2,
      "4x9": 20,
      "7x4": 3,
      "4x1": 1,
      "10x2": 2,
      "12x6": 9,
      "16x13": 1,
      "21x9": 1,
      "30x10": 1,
      "12x18": 6,
      "2x20": 1,
      "4x20": 2,
      "3x30": 2,
      "4x24": 1,
      "23x29": 1,
      "24x20": 2,
      "27x30": 1,
      "16x20": 1,
      "26x24": 3,
      "13x17": 5,
      "25x19": 1,
      "7x11": 7,
      "11x19": 4,
      "17x9": 1,
      "17x14": 3,
      "15x27": 1,
      "15x29": 1,
      "17x21": 2,
      "13x10": 4,
      "20x30": 1,
      "18x14": 5,
      "3x5": 15,
      "4x7": 8,
      "10x5": 5,
      "10x3": 2,
      "10x6": 5,
      "2x3": 1,
      "3x2": 5,
      "6x8": 7,
      "19x9": 3,
      "19x29": 2,
      "4x11": 1,
      "9x14": 2,
      "18x13": 2,
      "15x18": 4,
      "14x17": 3,
      "11x18": 1,
      "13x7": 1,
      "7x17": 2,
      "11x8": 3,
      "14x7": 1,
      "14x8": 1,
      "15x9": 1,
      "10x14": 5,
      "10x19": 1,
      "21x18": 2,
      "19x23": 1,
      "14x10": 7,
      "17x5": 2,
      "4x16": 1,
      "4x18": 1,
      "6x11": 3,
      "19x30": 2,
      "20x24": 2,
      "19x27": 2,
      "12x8": 6,
      "22x18": 1,
      "23x17": 3,
      "25x17": 2,
      "30x16": 1,
      "24x23": 1,
      "4x6": 11,
      "22x16": 3,
      "21x30": 1,
      "6x9": 13,
      "4x8": 12,
      "6x20": 1,
      "11x17": 2,
      "25x21": 1,
      "10x9": 9,
      "15x5": 7,
      "5x12": 2,
      "4x14": 17,
      "27x22": 1,
      "9x4": 16,
      "11x16": 3,
      "9x3": 6,
      "19x8": 1,
      "21x12": 1,
      "16x10": 2,
      "4x5": 4,
      "19x15": 2,
      "20x21": 2,
      "20x19": 2,
      "18x21": 1,
      "21x24": 3,
      "14x22": 1,
      "13x23": 2,
      "16x23": 1,
      "13x20": 1,
      "11x22": 2,
      "27x21": 5,
      "5x4": 5,
      "4x3": 5,
      "3x19": 2,
      "3x29": 2,
      "13x12": 9,
      "13x22": 1,
      "14x19": 1,
      "3x15": 2,
      "3x18": 1,
      "3x25": 1,
      "12x16": 2,
      "4x2": 2,
      "6x4": 5,
      "16x8": 1,
      "8x16": 2,
      "16x30": 4,
      "11x5": 1,
      "23x28": 5,
      "19x12": 3,
      "22x25": 9,
      "24x21": 2,
      "3x6": 12,
      "6x2": 2,
      "8x3": 2,
      "22x28": 1,
      "23x27": 2,
      "29x28": 2,
      "12x19": 3,
      "12x17": 4,
      "20x14": 1,
      "22x11": 1,
      "7x14": 1,
      "7x15": 8,
      "5x1": 3,
      "3x16": 2,
      "9x30": 1,
      "2x1": 1,
      "27x23": 3,
      "17x23": 1,
      "23x20": 1,
      "28x29": 2,
      "28x19": 1,
      "19x24": 1,
      "23x19": 5,
      "8x4": 6,
      "21x17": 2,
      "22x27": 1,
      "12x22": 1,
      "13x29": 1,
      "26x29": 2,
      "10x16": 3,
      "14x25": 1,
      "12x26": 1,
      "13x18": 2,
      "23x14": 1,
      "13x24": 1,
      "6x15": 1,
      "7x18": 1,
      "7x28": 1,
      "20x15": 1,
      "21x25": 1,
      "20x17": 1,
      "10x17": 1,
      "16x27": 1,
      "26x21": 1,
      "28x27": 1,
      "26x27": 2,
      "26x22": 2,
      "19x20": 1,
      "3x12": 2,
      "12x3": 1,
      "3x8": 1,
      "9x16": 1,
      "10x24": 1,
      "10x18": 1,
      "11x24": 1,
      "24x29": 1,
      "3x13": 2,
      "3x17": 3,
      "11x6": 1,
      "8x17": 1,
      "1x6": 3,
      "1x8": 1,
      "1x10": 1,
      "1x12": 1,
      "10x4": 5,
      "12x5": 1,
      "1x5": 7,
      "1x13": 1,
      "1x7": 1,
      "1x17": 1,
      "18x20": 1,
      "20x18": 2,
      "5x23": 2,
      "6x27": 1,
      "12x4": 5,
      "10x21": 4,
      "22x17": 2,
      "21x19": 1,
      "4x13": 1,
      "5x16": 2,
      "17x25": 4,
      "4x17": 2,
      "19x3": 1,
      "22x3": 1,
      "17x6": 1,
      "11x28": 1,
      "18x23": 1,
      "12x20": 1,
      "14x30": 1,
      "17x30": 1,
      "25x22": 1,
      "29x27": 1,
      "30x17": 2,
      "24x12": 1,
      "2x12": 4,
      "14x6": 1,
      "17x12": 2,